C

CAPS - CAPSTONE COURSE
CATA - CATALAN
Expand / Collapse
CATA - CATALAN
CBAM - CELL BIOLOGY & ANATOMY MED
Expand / Collapse
CBAM - CELL BIOLOGY & ANATOMY MED
CBMC - CHEMICAL BIOLOGY MED CHEMISTRY
Expand / Collapse
CBMC - CHEMICAL BIOLOGY MED CHEMISTRY
CBPH - CELL BIOLOGY AND PHYSIOLOGY
Expand / Collapse
CBPH - CELL BIOLOGY AND PHYSIOLOGY
CERT - CERTIFICATE PROGRAMS
Expand / Collapse
CERT - CERTIFICATE PROGRAMS
CHEM - CHEMISTRY
Expand / Collapse
CHEM - CHEMISTRY
CHER - CHEROKEE
Expand / Collapse
CHER - CHEROKEE
CHIN - CHINESE
Expand / Collapse
CHIN - CHINESE
CHPM - COMMUNITY HEALTH
Expand / Collapse
CHPM - COMMUNITY HEALTH
CHWA - CHICHEWA
Expand / Collapse
CHWA - CHICHEWA
CLAR - CLASSICAL ARCHAEOLOGY
Expand / Collapse
CLAR - CLASSICAL ARCHAEOLOGY
CLAS - CLASSICS
Expand / Collapse
CLAS - CLASSICS
CLIC - CHARLOTTE LONGITUDINAL
Expand / Collapse
CLIC - CHARLOTTE LONGITUDINAL
CLSC - CLINICAL LABORATORY SCIENCE
Expand / Collapse
CLSC - CLINICAL LABORATORY SCIENCE
CLSK - CLINICAL SKILLS REVIEW
Expand / Collapse
CLSK - CLINICAL SKILLS REVIEW
CMPL - COMPARATIVE LIT
Expand / Collapse
CMPL - COMPARATIVE LIT
COMM - COMMUNICATION STUDIES
Expand / Collapse
COMM - COMMUNICATION STUDIES
COMP - COMPUTER SCIENCE
Expand / Collapse
COMP - COMPUTER SCIENCE
CORE - UNC CORE Self Paced Enrl
Expand / Collapse
CORE - UNC CORE Self Paced Enrl
CPXM - CLINICAL SKILLS EXAM
Expand / Collapse
CPXM - CLINICAL SKILLS EXAM
CRMH - CLINICAL REHAB & MENTAL HEALTH
Expand / Collapse
CRMH - CLINICAL REHAB & MENTAL HEALTH
CZCH - CZECH
Expand / Collapse
CZCH - CZECH











DA - DEGREE AUDIT
DECO - DENTAL ECOLOGY
Expand / Collapse
DECO - DENTAL ECOLOGY
DENG - DENTAL GRADUATE COURSE
Expand / Collapse
DENG - DENTAL GRADUATE COURSE
DENT - DENTISTRY
Expand / Collapse
DENT - DENTISTRY
DERM - DERMATOLOGY
Expand / Collapse
DERM - DERMATOLOGY
DHED - DENTAL HYGIENE EDUCATION
Expand / Collapse
DHED - DENTAL HYGIENE EDUCATION
DHYG - DENTAL HYGIENE
Expand / Collapse
DHYG - DENTAL HYGIENE
DNDG - GA STAT REPORT REGISTRATION
Expand / Collapse
DNDG - GA STAT REPORT REGISTRATION
DPET - EXPERIMENTAL THERAPEUTICS
Expand / Collapse
DPET - EXPERIMENTAL THERAPEUTICS
DPMP - Division of PE and MP
Expand / Collapse
DPMP - Division of PE and MP
DPOP - PHARM OUTCOMES AND POLICY
Expand / Collapse
DPOP - PHARM OUTCOMES AND POLICY
DPPE - PHARM PRACT & EXPER ED
Expand / Collapse
DPPE - PHARM PRACT & EXPER ED
DRAM - DRAMATIC ART
Expand / Collapse
DRAM - DRAMATIC ART
DTCH - DUTCH
Expand / Collapse
DTCH - DUTCH
DUKE - DUKE INTERINSTITUTIONAL
Expand / Collapse
DUKE - DUKE INTERINSTITUTIONAL














ECON - ECONOMICS
EDCI - CURRICULUM AND INSTR
Expand / Collapse
EDCI - CURRICULUM AND INSTR
EDFO - EDUC FOUNDATIONS
Expand / Collapse
EDFO - EDUC FOUNDATIONS
EDMX - EXPERIENCED TEACHER EDUCATION
Expand / Collapse
EDMX - EXPERIENCED TEACHER EDUCATION
EDSP - SPECIALIZED PROF ED
Expand / Collapse
EDSP - SPECIALIZED PROF ED
EDUC - EDUCATION
Expand / Collapse
EDUC - EDUCATION
ENDO - ENDODONTICS
Expand / Collapse
ENDO - ENDODONTICS
ENEC - ENVIRONMENT AND ECOLOGY
Expand / Collapse
ENEC - ENVIRONMENT AND ECOLOGY
ENGL - ENGLISH
Expand / Collapse
ENGL - ENGLISH
ENVR - ENVIRONMENT SCIENCES
Expand / Collapse
ENVR - ENVIRONMENT SCIENCES
EPID - EPIDEMIOLOGY
Expand / Collapse
EPID - EPIDEMIOLOGY
ERMD - EMERGENCY MEDICINE
Expand / Collapse
ERMD - EMERGENCY MEDICINE
EURO - CONTEMPORARY EUROPEAN STUDIES
Expand / Collapse
EURO - CONTEMPORARY EUROPEAN STUDIES
EXSS - EXERCISE AND SPORT SCIENCE
Expand / Collapse
EXSS - EXERCISE AND SPORT SCIENCE
EXTN - EXTENSION
Expand / Collapse
EXTN - EXTENSION














FLNG - FOREIGN LANGUAGE
FMED - FAMILY MEDICINE
Expand / Collapse
FMED - FAMILY MEDICINE
FMME - FAMILY MEDICINE
Expand / Collapse
FMME - FAMILY MEDICINE
FOLK - FOLKLORE
Expand / Collapse
FOLK - FOLKLORE
FREN - FRENCH
Expand / Collapse
FREN - FRENCH













GAP - GLOBAL GAP YEAR
GENR - GENERAL
Expand / Collapse
GENR - GENERAL
GEOG - GEOGRAPHY
Expand / Collapse
GEOG - GEOGRAPHY
GEOL - GEOLOGICAL SCIENCES
Expand / Collapse
GEOL - GEOLOGICAL SCIENCES
GERJ - JOINT GERMAN AT DUKE
Expand / Collapse
GERJ - JOINT GERMAN AT DUKE
GERM - GERMAN
Expand / Collapse
GERM - GERMAN
GLBE - GLOBAL HEALTH ELECTIVE
Expand / Collapse
GLBE - GLOBAL HEALTH ELECTIVE
GLBL - GLOBAL STUDIES
Expand / Collapse
GLBL - GLOBAL STUDIES
GNET - GENETICS AND MOLECULAR BIOLOGY
Expand / Collapse
GNET - GENETICS AND MOLECULAR BIOLOGY
GOVT - GOVERNMENT
Expand / Collapse
GOVT - GOVERNMENT
GRAD - GRADUATE STUDIES
Expand / Collapse
GRAD - GRADUATE STUDIES
GREK - GREEK
Expand / Collapse
GREK - GREEK
GSA - GRADUATE STUDY ABROAD
Expand / Collapse
GSA - GRADUATE STUDY ABROAD
GSLL - GERMANIC AND SLAVIC LANG & LIT
Expand / Collapse
GSLL - GERMANIC AND SLAVIC LANG & LIT











HADM - HEALTH ADMIN
HBEH - HEALTH BEHAVIOR
Expand / Collapse
HBEH - HEALTH BEHAVIOR
HEBR - HEBREW
Expand / Collapse
HEBR - HEBREW
HEED - HEALTH EDUCATION
Expand / Collapse
HEED - HEALTH EDUCATION
HIST - HISTORY
Expand / Collapse
HIST - HISTORY
HMSC - HUMAN MOVEMENT SCIENCE
Expand / Collapse
HMSC - HUMAN MOVEMENT SCIENCE
HMTS - HUMANITIES
Expand / Collapse
HMTS - HUMANITIES
HNRS - HONORS
Expand / Collapse
HNRS - HONORS
HNUR - HINDI/URDU
Expand / Collapse
HNUR - HINDI/URDU
HPAA - HEALTH POLICY & ADM
Expand / Collapse
HPAA - HEALTH POLICY & ADM
HPM - HEALTH POLICY AND MANAGEMENT
Expand / Collapse
HPM - HEALTH POLICY AND MANAGEMENT
HUNG - HUNGARIAN
Expand / Collapse
HUNG - HUNGARIAN














ICMU - INTRO CLINICAL MEDICINE UGRD
ICSR - INTRNL CTR CLAS. STUDIES ROME
Expand / Collapse
ICSR - INTRNL CTR CLAS. STUDIES ROME
IDST - INT-DISCIPL STUDIES
Expand / Collapse
IDST - INT-DISCIPL STUDIES
IHMS - INTERDISC HUMAN MOVEMENT SCI
Expand / Collapse
IHMS - INTERDISC HUMAN MOVEMENT SCI
IIOC - GA ONLINE INTERINSTITUTIONAL
Expand / Collapse
IIOC - GA ONLINE INTERINSTITUTIONAL
INDO - INDONESIAN LANGUAGES
Expand / Collapse
INDO - INDONESIAN LANGUAGES
INDR - INDUSTRIAL RELATIONS
Expand / Collapse
INDR - INDUSTRIAL RELATIONS
INLS - INFORMATION & LIBRARY SCIENCE
Expand / Collapse
INLS - INFORMATION & LIBRARY SCIENCE
INTI - INTER-INSTITUTIONAL
Expand / Collapse
INTI - INTER-INSTITUTIONAL
ISP - INTL STUDENT PROGRAM
Expand / Collapse
ISP - INTL STUDENT PROGRAM
ITAL - ITALIAN
Expand / Collapse
ITAL - ITALIAN

















JAPN - JAPANESE
JWST - JEWISH STUDIES
Expand / Collapse
JWST - JEWISH STUDIES












KAZK - KAZAKH
KOR - KOREAN
Expand / Collapse
KOR - KOREAN















LATN - LATIN
LAW - LAW
Expand / Collapse
LAW - LAW
LFIT - LIFETIME FITNESS
Expand / Collapse
LFIT - LIFETIME FITNESS
LFXP - LAW EXCHANGE PROGRAM
Expand / Collapse
LFXP - LAW EXCHANGE PROGRAM
LGLA - LINGALA LANGUAGE
Expand / Collapse
LGLA - LINGALA LANGUAGE
LIBS - INFORMATION & LIBRARY SCIENCE
Expand / Collapse
LIBS - INFORMATION & LIBRARY SCIENCE
LING - LINGUISTICS
Expand / Collapse
LING - LINGUISTICS
LSA - LAW STUDY ABROAD
Expand / Collapse
LSA - LAW STUDY ABROAD
LSSM - LIFE SUPPORT SKILLS IN MED
Expand / Collapse
LSSM - LIFE SUPPORT SKILLS IN MED
LTAM - LATN-AMER STUDIES
Expand / Collapse
LTAM - LATN-AMER STUDIES
LVE - LAW VISITING ELSEWHERE
Expand / Collapse
LVE - LAW VISITING ELSEWHERE













MAC - MASTERS OF ACCOUNTING
MACD - MACEDONIAN
Expand / Collapse
MACD - MACEDONIAN
MACF - MAC FEES
Expand / Collapse
MACF - MAC FEES
MASC - MARINE SCIENCE
Expand / Collapse
MASC - MARINE SCIENCE

MATH - MATHEMATICS
Expand / Collapse
MATH - MATHEMATICS
MATS - MATH SCIENCES
Expand / Collapse
MATS - MATH SCIENCES
MAYA - YUCATEC MAYA LANGUAGE
Expand / Collapse
MAYA - YUCATEC MAYA LANGUAGE
MBA - MASTERS OF BUSINESS ADMIN
Expand / Collapse
MBA - MASTERS OF BUSINESS ADMIN

MCRO - MICROBIOLOGY
Expand / Collapse
MCRO - MICROBIOLOGY
MDPH - MD/PHD LONGITUDINAL ELECTIVE
Expand / Collapse
MDPH - MD/PHD LONGITUDINAL ELECTIVE
MDSP - MEDICAL SPANISH
Expand / Collapse
MDSP - MEDICAL SPANISH
MEDC - MEDICINAL CHEMISTRY
Expand / Collapse
MEDC - MEDICINAL CHEMISTRY
MEDF - MEDICINE FEES
Expand / Collapse
MEDF - MEDICINE FEES

MEDI - MEDICINE
Expand / Collapse
MEDI - MEDICINE
MEJO - MEDIA AND JOURNALISM
Expand / Collapse
MEJO - MEDIA AND JOURNALISM
MESE - INTERNAL MEDICINE SELECTIVE
Expand / Collapse
MESE - INTERNAL MEDICINE SELECTIVE
MHCH - MATERNAL & CHLD HLTH
Expand / Collapse
MHCH - MATERNAL & CHLD HLTH
MNDG - GA STAT REPORT REGISTRATION
Expand / Collapse
MNDG - GA STAT REPORT REGISTRATION

MNGT - MANAGEMENT AND SOCIETY
Expand / Collapse
MNGT - MANAGEMENT AND SOCIETY
MODC - MODERN CIVILIZATION
Expand / Collapse
MODC - MODERN CIVILIZATION
MOPH - MOLECULAR PHARMACEUTICS
Expand / Collapse
MOPH - MOLECULAR PHARMACEUTICS
MOPL - MONTPELLIER (SUMMER FRANCE)
Expand / Collapse
MOPL - MONTPELLIER (SUMMER FRANCE)

MSBS - MEDICAL SCHOOL BASIC SCIENCE
Expand / Collapse
MSBS - MEDICAL SCHOOL BASIC SCIENCE
MTEC - MED TRANSLATIONAL EDUCATION
Expand / Collapse
MTEC - MED TRANSLATIONAL EDUCATION
MTSC - MATERIAL SCIENCE
Expand / Collapse
MTSC - MATERIAL SCIENCE
MUSC - MUSIC
Expand / Collapse
MUSC - MUSIC












NAVS - NAVAL SCIENCE
NBIO - NEUROSCIENCE
Expand / Collapse
NBIO - NEUROSCIENCE
NCCU - N.C. CENTRAL UNIVERSITY
Expand / Collapse
NCCU - N.C. CENTRAL UNIVERSITY
NCSU - N.C. STATE UNIVERSITY
Expand / Collapse
NCSU - N.C. STATE UNIVERSITY
NDSS - NEURODIAG & SLEEP DIS SCIENCE
Expand / Collapse
NDSS - NEURODIAG & SLEEP DIS SCIENCE
NEUR - NEUROLOGY
Expand / Collapse
NEUR - NEUROLOGY
NEUS - CLINICAL NEUROSCI SELECTIVE
Expand / Collapse
NEUS - CLINICAL NEUROSCI SELECTIVE
NORW - NORWEGIAN
Expand / Collapse
NORW - NORWEGIAN
NSCI - NEUROSCIENCE
Expand / Collapse
NSCI - NEUROSCIENCE
NURS - NURSING
Expand / Collapse
NURS - NURSING
NUSJ - NAT UNIV SINGAPORE JOINT PGRMS
Expand / Collapse
NUSJ - NAT UNIV SINGAPORE JOINT PGRMS
NUTR - HEALTH NUTRITION
Expand / Collapse
NUTR - HEALTH NUTRITION












OBGN - OBSTETRICS & GYN
OCBM - ORAL AND CRANIOFACIAL BIOMED
Expand / Collapse
OCBM - ORAL AND CRANIOFACIAL BIOMED
OCCT - MED ALLIED HLTH PROF
Expand / Collapse
OCCT - MED ALLIED HLTH PROF
OCSC - OCCUPATIONAL SCIENCE
Expand / Collapse
OCSC - OCCUPATIONAL SCIENCE
OMED - OFFICES OF MEDICAL EDUCATION
Expand / Collapse
OMED - OFFICES OF MEDICAL EDUCATION
OPER - DENTISTRY OPERATIVE
Expand / Collapse
OPER - DENTISTRY OPERATIVE
OPHT - OPHTHALMOLOGY
Expand / Collapse
OPHT - OPHTHALMOLOGY
ORAD - ORAL RADIOLOGY
Expand / Collapse
ORAD - ORAL RADIOLOGY
ORLN - ORIENTAL LANGUAGES
Expand / Collapse
ORLN - ORIENTAL LANGUAGES
ORPA - ORAL PATHOLOGY
Expand / Collapse
ORPA - ORAL PATHOLOGY
ORSA - OPER RES & SYS ANAL
Expand / Collapse
ORSA - OPER RES & SYS ANAL
ORTH - ORTHODONTICS
Expand / Collapse
ORTH - ORTHODONTICS
ORTS - ORTHOPEDICS
Expand / Collapse
ORTS - ORTHOPEDICS
OTOL - OTOLARYNGOLOGY
Expand / Collapse
OTOL - OTOLARYNGOLOGY










PACE - PRACTICE ADVANCE & CLINICAL ED
PALP - PARASITOLOGY & LAB PRACTICE
Expand / Collapse
PALP - PARASITOLOGY & LAB PRACTICE
PASC - PHYSICIAN ASSISTANT STUDIES
Expand / Collapse
PASC - PHYSICIAN ASSISTANT STUDIES
PATH - PATHOLOGY
Expand / Collapse
PATH - PATHOLOGY
PATY - PATHOLOGY
Expand / Collapse
PATY - PATHOLOGY
PEDI - PEDIATRICS
Expand / Collapse
PEDI - PEDIATRICS
PEDO - PEDIATRIC DENTISTRY
Expand / Collapse
PEDO - PEDIATRIC DENTISTRY
PEDS - PEDIATRICS
Expand / Collapse
PEDS - PEDIATRICS
PERI - PERIODONTOLOGY
Expand / Collapse
PERI - PERIODONTOLOGY
PERS - PERSONNEL ADMIN
Expand / Collapse
PERS - PERSONNEL ADMIN

PERU - INTERNATIONAL ELECTIVE IN PERU
Expand / Collapse
PERU - INTERNATIONAL ELECTIVE IN PERU
PHCO - PHARMACOLOGY
Expand / Collapse
PHCO - PHARMACOLOGY
PHCY - PHARMACY (NON-DEPARTMENTAL)
Expand / Collapse
PHCY - PHARMACY (NON-DEPARTMENTAL)
PHED - HEALTH EDUCATION
Expand / Collapse
PHED - HEALTH EDUCATION
PHIL - PHILOSOPHY
Expand / Collapse
PHIL - PHILOSOPHY

PHNU - PUBLIC HEALTH NURS
Expand / Collapse
PHNU - PUBLIC HEALTH NURS
PHRS - PHARMACEUTICAL SCIENCES
Expand / Collapse
PHRS - PHARMACEUTICAL SCIENCES
PHYA - PHYSICAL ACTIVITIES
Expand / Collapse
PHYA - PHYSICAL ACTIVITIES
PHYI - PHYSIOLOGY
Expand / Collapse
PHYI - PHYSIOLOGY
PHYS - PHYSICS
Expand / Collapse
PHYS - PHYSICS
PHYT - PHYSICAL THERAPY
Expand / Collapse
PHYT - PHYSICAL THERAPY

PHYY - PHYSIOLOGY
Expand / Collapse
PHYY - PHYSIOLOGY
PLAN - CITY AND REGIONAL PLANNING
Expand / Collapse
PLAN - CITY AND REGIONAL PLANNING
PLCY - PUBLIC POLICY
Expand / Collapse
PLCY - PUBLIC POLICY
PLSH - POLISH
Expand / Collapse
PLSH - POLISH
PLTM - TRANSATLANTIC MASTERS
Expand / Collapse
PLTM - TRANSATLANTIC MASTERS
PMED - PHYSICAL MEDI & REHABILITATION
Expand / Collapse
PMED - PHYSICAL MEDI & REHABILITATION

POLI - POLITICAL SCIENCE
Expand / Collapse
POLI - POLITICAL SCIENCE
PORT - PORTUGUESE
Expand / Collapse
PORT - PORTUGUESE
PROS - PROSTHODONTICS
Expand / Collapse
PROS - PROSTHODONTICS
PRSN - PERSIAN
Expand / Collapse
PRSN - PERSIAN
PSNU - PSYCH/NEURO CLERKSHIP
Expand / Collapse
PSNU - PSYCH/NEURO CLERKSHIP
PSYC - PSYCHOLOGY
Expand / Collapse
PSYC - PSYCHOLOGY

PSYY - PSYCHIATRY
Expand / Collapse
PSYY - PSYCHIATRY
PUBA - PUBLIC ADMINISTRATION
Expand / Collapse
PUBA - PUBLIC ADMINISTRATION
PUBH - PUBLIC HEALTH
Expand / Collapse
PUBH - PUBLIC HEALTH
PUPA - PUB. POLICY ANALYSIS
Expand / Collapse
PUPA - PUB. POLICY ANALYSIS
PWAD - PEACE WAR & DEFENSE
Expand / Collapse
PWAD - PEACE WAR & DEFENSE









RADG - RADIOGRAPHY
RADI - RADIOLOGIC SCIENCE
Expand / Collapse
RADI - RADIOLOGIC SCIENCE
RADO - RADO
Expand / Collapse
RADO - RADO
RADY - RADIOLOGY
Expand / Collapse
RADY - RADIOLOGY
RECR - RECREATION AND LEISURE STUDIES
Expand / Collapse
RECR - RECREATION AND LEISURE STUDIES
RELI - RELIGIOUS STUDIES
Expand / Collapse
RELI - RELIGIOUS STUDIES

RFIX - CONV RECORD FIX
Expand / Collapse
RFIX - CONV RECORD FIX
RLGE - ROMANCE LANG. GRADUATE EXCH
Expand / Collapse
RLGE - ROMANCE LANG. GRADUATE EXCH
ROBT - ROBERTSON SCHOLARS PROGRAM
Expand / Collapse
ROBT - ROBERTSON SCHOLARS PROGRAM
ROMA - ROMANIAN
Expand / Collapse
ROMA - ROMANIAN
ROML - ROMANCE LANGUAGES
Expand / Collapse
ROML - ROMANCE LANGUAGES
RUES - RUSS & EAST EUROPEAN STUDIES
Expand / Collapse
RUES - RUSS & EAST EUROPEAN STUDIES
RUMA - RUMANIAN
Expand / Collapse
RUMA - RUMANIAN
RUSS - RUSSIAN
Expand / Collapse
RUSS - RUSSIAN








SADM - SOCIAL & ADMIN MED
SANS - SANSKRIT
Expand / Collapse
SANS - SANSKRIT
SECR - SERBIAN AND CROATIAN
Expand / Collapse
SECR - SERBIAN AND CROATIAN
SEVI - SEVILLE (SPAIN)
Expand / Collapse
SEVI - SEVILLE (SPAIN)
SLAV - SLAVIC LANGUAGES
Expand / Collapse
SLAV - SLAVIC LANGUAGES
SOCI - SOCIOLOGY
Expand / Collapse
SOCI - SOCIOLOGY
SOCM - SOCIAL MEDICINE
Expand / Collapse
SOCM - SOCIAL MEDICINE
SOWO - SOCIAL WORK
Expand / Collapse
SOWO - SOCIAL WORK
SPAN - SPANISH
Expand / Collapse
SPAN - SPANISH
SPCL - EXPERIENTIAL & SPECIAL STUDIES
Expand / Collapse
SPCL - EXPERIENTIAL & SPECIAL STUDIES

SPHG - SCH OF PUBLIC HEALTH GENERAL
Expand / Collapse
SPHG - SCH OF PUBLIC HEALTH GENERAL
SPHS - SPEECH & HEARING SCIENCES
Expand / Collapse
SPHS - SPEECH & HEARING SCIENCES
STA - SHORT TERM ABROAD
Expand / Collapse
STA - SHORT TERM ABROAD
STOR - STATS AND OPERATIONS RESEARCH
Expand / Collapse
STOR - STATS AND OPERATIONS RESEARCH
SUOP - SUMMER EXPERIENTIAL OPPORTUNIT
Expand / Collapse
SUOP - SUMMER EXPERIENTIAL OPPORTUNIT
SURS - CRITICAL CARE SELECT/SURGERY
Expand / Collapse
SURS - CRITICAL CARE SELECT/SURGERY
SURY - SURGERY (MEDICINE)
Expand / Collapse
SURY - SURGERY (MEDICINE)
SWAH - SWAHILI
Expand / Collapse
SWAH - SWAHILI
SWED - SWEDISH
Expand / Collapse
SWED - SWEDISH













TAML - TAMIL
TAP - TRANSATLANTIC ABROAD PROGRAM
Expand / Collapse
TAP - TRANSATLANTIC ABROAD PROGRAM
THAI - THAI LANGUAGE
Expand / Collapse
THAI - THAI LANGUAGE
TOXC - TOXICOLOGY
Expand / Collapse
TOXC - TOXICOLOGY
TRAN - ACADEMIC TRANSFER HOURS
Expand / Collapse
TRAN - ACADEMIC TRANSFER HOURS
TREQ - TRANSFER EQUIVALENCY
Expand / Collapse
TREQ - TRANSFER EQUIVALENCY
TRXN - TRANSITION CLERKSHIPS
Expand / Collapse
TRXN - TRANSITION CLERKSHIPS
TURK - TURKISH
Expand / Collapse
TURK - TURKISH












UKRN - UKRAINIAN
UNCC - U.N.C. CHARLOTTE
Expand / Collapse
UNCC - U.N.C. CHARLOTTE
UNCG - U.N.C. GREENSBORO
Expand / Collapse
UNCG - U.N.C. GREENSBORO
UNCO - UNC ONLINE
Expand / Collapse
UNCO - UNC ONLINE













VIET - VIETNAMESE








WGST - WOMEN'S AND GENDER STUDIES
WOLO - WOLOF LANGUAGE
Expand / Collapse
WOLO - WOLOF LANGUAGE










YAP - YEAR ABROAD PROGRAM








ZOOL - ZOOLOGY